Metric:	mention_overlap_by_frequency
Split pair	Entity scope	Bin	Union count	Intersection count	Jaccard	Union share	Intersection share	Contribution to Overall Jaccard	Article topic distribution entropy
(AnatEM_train, AnatEM_test)	anatomy	Overall	1576	268	0.17005076	1	1	0.17005076	3.9826345
(AnatEM_train, AnatEM_test)	anatomy	(1, 2)	936	0	0	0.59390863	0	0	3.9826345
(AnatEM_train, AnatEM_test)	anatomy	(2, 4)	368	73	0.19836957	0.23350254	0.27238806	0.046319797	3.9826345
(AnatEM_train, AnatEM_test)	anatomy	(4, 8)	156	83	0.53205128	0.098984772	0.30970149	0.052664975	3.9826345
(AnatEM_train, AnatEM_test)	anatomy	(8, 16)	75	73	0.97333333	0.047588832	0.27238806	0.046319797	3.9826345
(AnatEM_train, AnatEM_test)	anatomy	(16, 32)	24	22	0.91666667	0.015228426	0.082089552	0.013959391	3.9826345
(AnatEM_train, AnatEM_test)	anatomy	(32, 64)	13	13	1	0.008248731	0.048507463	0.008248731	3.9826345
(AnatEM_train, AnatEM_test)	anatomy	(64, 128)	4	4	1	0.0025380711	0.014925373	0.0025380711	3.9826345
(AnatEM_train, AnatEM_test)	anatomy	(128, 256)	0	0	0	0	0	0	3.9826345
(AnatEM_train, AnatEM_test)	anatomy	(256, None)	0	0	0	0	0	0	3.9826345
(AnatEM_train, AnatEM_test)	cell	Overall	1194	155	0.12981575	1	1	0.12981575	3.9826345
(AnatEM_train, AnatEM_test)	cell	(1, 2)	769	0	0	0.6440536	0	0	3.9826345
(AnatEM_train, AnatEM_test)	cell	(2, 4)	273	59	0.21611722	0.22864322	0.38064516	0.049413735	3.9826345
(AnatEM_train, AnatEM_test)	cell	(4, 8)	87	47	0.54022989	0.072864322	0.30322581	0.039363484	3.9826345
(AnatEM_train, AnatEM_test)	cell	(8, 16)	39	28	0.71794872	0.032663317	0.18064516	0.023450586	3.9826345
(AnatEM_train, AnatEM_test)	cell	(16, 32)	12	10	0.83333333	0.010050251	0.064516129	0.0083752094	3.9826345
(AnatEM_train, AnatEM_test)	cell	(32, 64)	9	6	0.66666667	0.0075376884	0.038709677	0.0050251256	3.9826345
(AnatEM_train, AnatEM_test)	cell	(64, 128)	3	3	1	0.0025125628	0.019354839	0.0025125628	3.9826345
(AnatEM_train, AnatEM_test)	cell	(128, 256)	0	0	0	0	0	0	3.9826345
(AnatEM_train, AnatEM_test)	cell	(256, None)	2	2	1	0.0016750419	0.012903226	0.0016750419	3.9826345
(AnatEM_train, AnatEM_test)	disease	Overall	839	121	0.14421931	1	1	0.14421931	3.9826345
(AnatEM_train, AnatEM_test)	disease	(1, 2)	518	0	0	0.61740167	0	0	3.9826345
(AnatEM_train, AnatEM_test)	disease	(2, 4)	199	43	0.2160804	0.23718713	0.3553719	0.05125149	3.9826345
(AnatEM_train, AnatEM_test)	disease	(4, 8)	72	32	0.44444444	0.085816448	0.26446281	0.038140644	3.9826345
(AnatEM_train, AnatEM_test)	disease	(8, 16)	26	22	0.84615385	0.030989273	0.18181818	0.026221692	3.9826345
(AnatEM_train, AnatEM_test)	disease	(16, 32)	14	14	1	0.016686532	0.11570248	0.016686532	3.9826345
(AnatEM_train, AnatEM_test)	disease	(32, 64)	7	7	1	0.0083432658	0.05785124	0.0083432658	3.9826345
(AnatEM_train, AnatEM_test)	disease	(64, 128)	0	0	0	0	0	0	3.9826345
(AnatEM_train, AnatEM_test)	disease	(128, 256)	2	2	1	0.0023837902	0.016528926	0.0023837902	3.9826345
(AnatEM_train, AnatEM_test)	disease	(256, None)	1	1	1	0.0011918951	0.0082644628	0.0011918951	3.9826345
(BC2GM_train, BC2GM_test)	gene_protein_sequence	Overall	22364	1022	0.045698444	1	1	0.045698444	3.6840377
(BC2GM_train, BC2GM_test)	gene_protein_sequence	(1, 2)	18904	0	0	0.84528707	0	0	3.6840377
(BC2GM_train, BC2GM_test)	gene_protein_sequence	(2, 4)	2491	456	0.18305901	0.11138437	0.44618395	0.020389912	3.6840377
(BC2GM_train, BC2GM_test)	gene_protein_sequence	(4, 8)	659	308	0.46737481	0.029467001	0.30136986	0.013772134	3.6840377
(BC2GM_train, BC2GM_test)	gene_protein_sequence	(8, 16)	206	156	0.75728155	0.0092112323	0.15264188	0.0069754963	3.6840377
(BC2GM_train, BC2GM_test)	gene_protein_sequence	(16, 32)	80	78	0.975	0.0035771776	0.076320939	0.0034877482	3.6840377
(BC2GM_train, BC2GM_test)	gene_protein_sequence	(32, 64)	19	19	1	0.00084957968	0.018590998	0.00084957968	3.6840377
(BC2GM_train, BC2GM_test)	gene_protein_sequence	(64, 128)	5	5	1	0.0002235736	0.0048923679	0.0002235736	3.6840377
(BC2GM_train, BC2GM_test)	gene_protein_sequence	(128, 256)	0	0	0	0	0	0	3.6840377
(BC2GM_train, BC2GM_test)	gene_protein_sequence	(256, None)	0	0	0	0	0	0	3.6840377
(BC5CDR_train, BC5CDR_test)	chemical	Overall	2039	417	0.20451202	1	1	0.20451202	3.6306134
(BC5CDR_train, BC5CDR_test)	chemical	(1, 2)	801	0	0	0.39283963	0	0	3.6306134
(BC5CDR_train, BC5CDR_test)	chemical	(2, 4)	518	66	0.12741313	0.2540461	0.15827338	0.032368808	3.6306134
(BC5CDR_train, BC5CDR_test)	chemical	(4, 8)	366	111	0.30327869	0.17949975	0.26618705	0.05443845	3.6306134
(BC5CDR_train, BC5CDR_test)	chemical	(8, 16)	222	114	0.51351351	0.1088769	0.27338129	0.05590976	3.6306134
(BC5CDR_train, BC5CDR_test)	chemical	(16, 32)	80	74	0.925	0.039234919	0.17745803	0.0362923	3.6306134
(BC5CDR_train, BC5CDR_test)	chemical	(32, 64)	40	40	1	0.01961746	0.095923261	0.01961746	3.6306134
(BC5CDR_train, BC5CDR_test)	chemical	(64, 128)	11	11	1	0.0053948014	0.026378897	0.0053948014	3.6306134
(BC5CDR_train, BC5CDR_test)	chemical	(128, 256)	1	1	1	0.00049043649	0.0023980815	0.00049043649	3.6306134
(BC5CDR_train, BC5CDR_test)	chemical	(256, None)	0	0	0	0	0	0	3.6306134
(BC5CDR_train, BC5CDR_test)	disease	Overall	2613	501	0.19173364	1	1	0.19173364	3.6306134
(BC5CDR_train, BC5CDR_test)	disease	(1, 2)	1477	0	0	0.56525067	0	0	3.6306134
(BC5CDR_train, BC5CDR_test)	disease	(2, 4)	626	164	0.26198083	0.23957137	0.32734531	0.062763108	3.6306134
(BC5CDR_train, BC5CDR_test)	disease	(4, 8)	294	143	0.48639456	0.11251435	0.28542914	0.054726368	3.6306134
(BC5CDR_train, BC5CDR_test)	disease	(8, 16)	123	103	0.83739837	0.047072331	0.20558882	0.039418293	3.6306134
(BC5CDR_train, BC5CDR_test)	disease	(16, 32)	62	60	0.96774194	0.023727516	0.11976048	0.022962113	3.6306134
(BC5CDR_train, BC5CDR_test)	disease	(32, 64)	22	22	1	0.0084194413	0.043912176	0.0084194413	3.6306134
(BC5CDR_train, BC5CDR_test)	disease	(64, 128)	7	7	1	0.0026789131	0.013972056	0.0026789131	3.6306134
(BC5CDR_train, BC5CDR_test)	disease	(128, 256)	2	2	1	0.00076540375	0.003992016	0.00076540375	3.6306134
(BC5CDR_train, BC5CDR_test)	disease	(256, None)	0	0	0	0	0	0	3.6306134
(BioID_train, BioID_dev)	anatomy	Overall	1050	150	0.14285714	1	1	0.14285714	2.0137087
(BioID_train, BioID_dev)	anatomy	(1, 2)	487	0	0	0.46380952	0	0	2.0137087
(BioID_train, BioID_dev)	anatomy	(2, 4)	247	26	0.10526316	0.2352381	0.17333333	0.024761905	2.0137087
(BioID_train, BioID_dev)	anatomy	(4, 8)	143	31	0.21678322	0.13619048	0.20666667	0.02952381	2.0137087
(BioID_train, BioID_dev)	anatomy	(8, 16)	86	33	0.38372093	0.081904762	0.22	0.031428571	2.0137087
(BioID_train, BioID_dev)	anatomy	(16, 32)	50	29	0.58	0.047619048	0.19333333	0.027619048	2.0137087
(BioID_train, BioID_dev)	anatomy	(32, 64)	23	17	0.73913043	0.021904762	0.11333333	0.016190476	2.0137087
(BioID_train, BioID_dev)	anatomy	(64, 128)	9	9	1	0.0085714286	0.06	0.0085714286	2.0137087
(BioID_train, BioID_dev)	anatomy	(128, 256)	4	4	1	0.0038095238	0.026666667	0.0038095238	2.0137087
(BioID_train, BioID_dev)	anatomy	(256, None)	1	1	1	0.00095238095	0.0066666667	0.00095238095	2.0137087
(BioID_train, BioID_dev)	cell	Overall	1025	138	0.13463415	1	1	0.13463415	2.0137087
(BioID_train, BioID_dev)	cell	(1, 2)	367	0	0	0.35804878	0	0	2.0137087
(BioID_train, BioID_dev)	cell	(2, 4)	232	19	0.081896552	0.22634146	0.13768116	0.018536585	2.0137087
(BioID_train, BioID_dev)	cell	(4, 8)	156	23	0.1474359	0.15219512	0.16666667	0.022439024	2.0137087
(BioID_train, BioID_dev)	cell	(8, 16)	121	25	0.20661157	0.11804878	0.18115942	0.024390244	2.0137087
(BioID_train, BioID_dev)	cell	(16, 32)	86	27	0.31395349	0.083902439	0.19565217	0.026341463	2.0137087
(BioID_train, BioID_dev)	cell	(32, 64)	45	26	0.57777778	0.043902439	0.1884058	0.025365854	2.0137087
(BioID_train, BioID_dev)	cell	(64, 128)	8	8	1	0.007804878	0.057971014	0.007804878	2.0137087
(BioID_train, BioID_dev)	cell	(128, 256)	8	8	1	0.007804878	0.057971014	0.007804878	2.0137087
(BioID_train, BioID_dev)	cell	(256, None)	2	2	1	0.0019512195	0.014492754	0.0019512195	2.0137087
(BioID_train, BioID_dev)	chemical	Overall	1629	247	0.15162676	1	1	0.15162676	2.0137087
(BioID_train, BioID_dev)	chemical	(1, 2)	609	0	0	0.37384899	0	0	2.0137087
(BioID_train, BioID_dev)	chemical	(2, 4)	442	45	0.10180995	0.27133211	0.18218623	0.027624309	2.0137087
(BioID_train, BioID_dev)	chemical	(4, 8)	250	51	0.204	0.15346839	0.20647773	0.031307551	2.0137087
(BioID_train, BioID_dev)	chemical	(8, 16)	157	54	0.34394904	0.096378146	0.21862348	0.033149171	2.0137087
(BioID_train, BioID_dev)	chemical	(16, 32)	107	51	0.47663551	0.065684469	0.20647773	0.031307551	2.0137087
(BioID_train, BioID_dev)	chemical	(32, 64)	46	29	0.63043478	0.028238183	0.11740891	0.017802333	2.0137087
(BioID_train, BioID_dev)	chemical	(64, 128)	11	10	0.90909091	0.006752609	0.04048583	0.0061387354	2.0137087
(BioID_train, BioID_dev)	chemical	(128, 256)	5	5	1	0.0030693677	0.020242915	0.0030693677	2.0137087
(BioID_train, BioID_dev)	chemical	(256, None)	2	2	1	0.0012277471	0.008097166	0.0012277471	2.0137087
(BioID_train, BioID_dev)	function_process	Overall	949	160	0.16859852	1	1	0.16859852	2.0137087
(BioID_train, BioID_dev)	function_process	(1, 2)	383	0	0	0.40358272	0	0	2.0137087
(BioID_train, BioID_dev)	function_process	(2, 4)	252	33	0.13095238	0.26554268	0.20625	0.034773446	2.0137087
(BioID_train, BioID_dev)	function_process	(4, 8)	150	41	0.27333333	0.15806112	0.25625	0.043203372	2.0137087
(BioID_train, BioID_dev)	function_process	(8, 16)	84	28	0.33333333	0.088514226	0.175	0.029504742	2.0137087
(BioID_train, BioID_dev)	function_process	(16, 32)	42	24	0.57142857	0.044257113	0.15	0.025289779	2.0137087
(BioID_train, BioID_dev)	function_process	(32, 64)	19	15	0.78947368	0.020021075	0.09375	0.015806112	2.0137087
(BioID_train, BioID_dev)	function_process	(64, 128)	10	10	1	0.010537408	0.0625	0.010537408	2.0137087
(BioID_train, BioID_dev)	function_process	(128, 256)	8	8	1	0.0084299262	0.05	0.0084299262	2.0137087
(BioID_train, BioID_dev)	function_process	(256, None)	1	1	1	0.0010537408	0.00625	0.0010537408	2.0137087
(BioID_train, BioID_dev)	gene_protein_sequence	Overall	5111	541	0.10585013	1	1	0.10585013	2.0137087
(BioID_train, BioID_dev)	gene_protein_sequence	(1, 2)	1600	0	0	0.31305028	0	0	2.0137087
(BioID_train, BioID_dev)	gene_protein_sequence	(2, 4)	1257	46	0.036595068	0.24594013	0.085027726	0.0090001957	2.0137087
(BioID_train, BioID_dev)	gene_protein_sequence	(4, 8)	874	106	0.12128146	0.17100372	0.19593346	0.020739581	2.0137087
(BioID_train, BioID_dev)	gene_protein_sequence	(8, 16)	565	108	0.19115044	0.11054588	0.19963031	0.021130894	2.0137087
(BioID_train, BioID_dev)	gene_protein_sequence	(16, 32)	433	119	0.27482679	0.084719233	0.21996303	0.023283115	2.0137087
(BioID_train, BioID_dev)	gene_protein_sequence	(32, 64)	253	80	0.31620553	0.049501076	0.14787431	0.015652514	2.0137087
(BioID_train, BioID_dev)	gene_protein_sequence	(64, 128)	86	42	0.48837209	0.016826453	0.077634011	0.0082175699	2.0137087
(BioID_train, BioID_dev)	gene_protein_sequence	(128, 256)	30	27	0.9	0.0058696928	0.049907579	0.0052827235	2.0137087
(BioID_train, BioID_dev)	gene_protein_sequence	(256, None)	13	13	1	0.0025435336	0.024029575	0.0025435336	2.0137087
(BioID_train, BioID_dev)	species	Overall	442	74	0.16742081	1	1	0.16742081	2.0137087
(BioID_train, BioID_dev)	species	(1, 2)	159	0	0	0.35972851	0	0	2.0137087
(BioID_train, BioID_dev)	species	(2, 4)	83	7	0.084337349	0.18778281	0.094594595	0.015837104	2.0137087
(BioID_train, BioID_dev)	species	(4, 8)	69	9	0.13043478	0.1561086	0.12162162	0.020361991	2.0137087
(BioID_train, BioID_dev)	species	(8, 16)	53	9	0.16981132	0.1199095	0.12162162	0.020361991	2.0137087
(BioID_train, BioID_dev)	species	(16, 32)	39	19	0.48717949	0.088235294	0.25675676	0.042986425	2.0137087
(BioID_train, BioID_dev)	species	(32, 64)	27	19	0.7037037	0.061085973	0.25675676	0.042986425	2.0137087
(BioID_train, BioID_dev)	species	(64, 128)	4	3	0.75	0.0090497738	0.040540541	0.0067873303	2.0137087
(BioID_train, BioID_dev)	species	(128, 256)	6	6	1	0.013574661	0.081081081	0.013574661	2.0137087
(BioID_train, BioID_dev)	species	(256, None)	2	2	1	0.0045248869	0.027027027	0.0045248869	2.0137087
(BioRED_train, BioRED_test)	chemical	Overall	988	108	0.10931174	1	1	0.10931174	3.664348
(BioRED_train, BioRED_test)	chemical	(1, 2)	435	0	0	0.4402834	0	0	3.664348
(BioRED_train, BioRED_test)	chemical	(2, 4)	269	23	0.085501859	0.27226721	0.21296296	0.023279352	3.664348
(BioRED_train, BioRED_test)	chemical	(4, 8)	164	31	0.18902439	0.1659919	0.28703704	0.031376518	3.664348
(BioRED_train, BioRED_test)	chemical	(8, 16)	85	27	0.31764706	0.086032389	0.25	0.027327935	3.664348
(BioRED_train, BioRED_test)	chemical	(16, 32)	32	24	0.75	0.032388664	0.22222222	0.024291498	3.664348
(BioRED_train, BioRED_test)	chemical	(32, 64)	2	2	1	0.0020242915	0.018518519	0.0020242915	3.664348
(BioRED_train, BioRED_test)	chemical	(64, 128)	1	1	1	0.0010121457	0.0092592593	0.0010121457	3.664348
(BioRED_train, BioRED_test)	chemical	(128, 256)	0	0	0	0	0	0	3.664348
(BioRED_train, BioRED_test)	chemical	(256, None)	0	0	0	0	0	0	3.664348
(BioRED_train, BioRED_test)	disease	Overall	1665	132	0.079279279	1	1	0.079279279	3.664348
(BioRED_train, BioRED_test)	disease	(1, 2)	976	0	0	0.58618619	0	0	3.664348
(BioRED_train, BioRED_test)	disease	(2, 4)	384	45	0.1171875	0.23063063	0.34090909	0.027027027	3.664348
(BioRED_train, BioRED_test)	disease	(4, 8)	199	34	0.17085427	0.11951952	0.25757576	0.02042042	3.664348
(BioRED_train, BioRED_test)	disease	(8, 16)	76	31	0.40789474	0.045645646	0.23484848	0.018618619	3.664348
(BioRED_train, BioRED_test)	disease	(16, 32)	22	14	0.63636364	0.013213213	0.10606061	0.0084084084	3.664348
(BioRED_train, BioRED_test)	disease	(32, 64)	6	6	1	0.0036036036	0.045454545	0.0036036036	3.664348
(BioRED_train, BioRED_test)	disease	(64, 128)	2	2	1	0.0012012012	0.015151515	0.0012012012	3.664348
(BioRED_train, BioRED_test)	disease	(128, 256)	0	0	0	0	0	0	3.664348
(BioRED_train, BioRED_test)	disease	(256, None)	0	0	0	0	0	0	3.664348
(BioRED_train, BioRED_test)	gene_protein_sequence	Overall	2156	110	0.051020408	1	1	0.051020408	3.664348
(BioRED_train, BioRED_test)	gene_protein_sequence	(1, 2)	1280	0	0	0.59369202	0	0	3.664348
(BioRED_train, BioRED_test)	gene_protein_sequence	(2, 4)	441	38	0.0861678	0.20454545	0.34545455	0.017625232	3.664348
(BioRED_train, BioRED_test)	gene_protein_sequence	(4, 8)	282	37	0.13120567	0.13079777	0.33636364	0.01716141	3.664348
(BioRED_train, BioRED_test)	gene_protein_sequence	(8, 16)	131	23	0.17557252	0.060760668	0.20909091	0.010667904	3.664348
(BioRED_train, BioRED_test)	gene_protein_sequence	(16, 32)	21	11	0.52380952	0.0097402597	0.1	0.0051020408	3.664348
(BioRED_train, BioRED_test)	gene_protein_sequence	(32, 64)	1	1	1	0.00046382189	0.0090909091	0.00046382189	3.664348
(BioRED_train, BioRED_test)	gene_protein_sequence	(64, 128)	0	0	0	0	0	0	3.664348
(BioRED_train, BioRED_test)	gene_protein_sequence	(128, 256)	0	0	0	0	0	0	3.664348
(BioRED_train, BioRED_test)	gene_protein_sequence	(256, None)	0	0	0	0	0	0	3.664348
(BioRED_train, BioRED_test)	sequence_variant	Overall	748	4	0.0053475936	1	1	0.0053475936	3.664348
(BioRED_train, BioRED_test)	sequence_variant	(1, 2)	546	0	0	0.72994652	0	0	3.664348
(BioRED_train, BioRED_test)	sequence_variant	(2, 4)	160	4	0.025	0.21390374	1	0.0053475936	3.664348
(BioRED_train, BioRED_test)	sequence_variant	(4, 8)	38	0	0	0.050802139	0	0	3.664348
(BioRED_train, BioRED_test)	sequence_variant	(8, 16)	4	0	0	0.0053475936	0	0	3.664348
(BioRED_train, BioRED_test)	sequence_variant	(16, 32)	0	0	0	0	0	0	3.664348
(BioRED_train, BioRED_test)	sequence_variant	(32, 64)	0	0	0	0	0	0	3.664348
(BioRED_train, BioRED_test)	sequence_variant	(64, 128)	0	0	0	0	0	0	3.664348
(BioRED_train, BioRED_test)	sequence_variant	(128, 256)	0	0	0	0	0	0	3.664348
(BioRED_train, BioRED_test)	sequence_variant	(256, None)	0	0	0	0	0	0	3.664348
(BioRED_train, BioRED_test)	species	Overall	82	24	0.29268293	1	1	0.29268293	3.664348
(BioRED_train, BioRED_test)	species	(1, 2)	25	0	0	0.30487805	0	0	3.664348
(BioRED_train, BioRED_test)	species	(2, 4)	30	5	0.16666667	0.36585366	0.20833333	0.06097561	3.664348
(BioRED_train, BioRED_test)	species	(4, 8)	7	4	0.57142857	0.085365854	0.16666667	0.048780488	3.664348
(BioRED_train, BioRED_test)	species	(8, 16)	8	3	0.375	0.097560976	0.125	0.036585366	3.664348
(BioRED_train, BioRED_test)	species	(16, 32)	3	3	1	0.036585366	0.125	0.036585366	3.664348
(BioRED_train, BioRED_test)	species	(32, 64)	4	4	1	0.048780488	0.16666667	0.048780488	3.664348
(BioRED_train, BioRED_test)	species	(64, 128)	0	0	0	0	0	0	3.664348
(BioRED_train, BioRED_test)	species	(128, 256)	4	4	1	0.048780488	0.16666667	0.048780488	3.664348
(BioRED_train, BioRED_test)	species	(256, None)	1	1	1	0.012195122	0.041666667	0.012195122	3.664348
(CHEMDNER_train, CHEMDNER_test)	chemical	Overall	13980	2100	0.15021459	1	1	0.15021459	3.3931164
(CHEMDNER_train, CHEMDNER_test)	chemical	(1, 2)	8002	0	0	0.57238913	0	0	3.3931164
(CHEMDNER_train, CHEMDNER_test)	chemical	(2, 4)	3144	541	0.17207379	0.2248927	0.25761905	0.03869814	3.3931164
(CHEMDNER_train, CHEMDNER_test)	chemical	(4, 8)	1568	585	0.37308673	0.11216023	0.27857143	0.041845494	3.3931164
(CHEMDNER_train, CHEMDNER_test)	chemical	(8, 16)	722	464	0.64265928	0.051645207	0.22095238	0.033190272	3.3931164
(CHEMDNER_train, CHEMDNER_test)	chemical	(16, 32)	332	299	0.90060241	0.023748212	0.14238095	0.021387697	3.3931164
(CHEMDNER_train, CHEMDNER_test)	chemical	(32, 64)	115	114	0.99130435	0.0082260372	0.054285714	0.0081545064	3.3931164
(CHEMDNER_train, CHEMDNER_test)	chemical	(64, 128)	64	64	1	0.0045779685	0.03047619	0.0045779685	3.3931164
(CHEMDNER_train, CHEMDNER_test)	chemical	(128, 256)	28	28	1	0.0020028612	0.013333333	0.0020028612	3.3931164
(CHEMDNER_train, CHEMDNER_test)	chemical	(256, None)	5	5	1	0.00035765379	0.0023809524	0.00035765379	3.3931164
(CRAFT_train, CRAFT_test)	anatomy	Overall	2930	519	0.17713311	1	1	0.17713311	3.2037315
(CRAFT_train, CRAFT_test)	anatomy	(1, 2)	1423	0	0	0.48566553	0	0	3.2037315
(CRAFT_train, CRAFT_test)	anatomy	(2, 4)	663	105	0.15837104	0.22627986	0.20231214	0.035836177	3.2037315
(CRAFT_train, CRAFT_test)	anatomy	(4, 8)	387	131	0.33850129	0.13208191	0.25240848	0.044709898	3.2037315
(CRAFT_train, CRAFT_test)	anatomy	(8, 16)	202	109	0.53960396	0.06894198	0.21001927	0.037201365	3.2037315
(CRAFT_train, CRAFT_test)	anatomy	(16, 32)	120	75	0.625	0.040955631	0.14450867	0.02559727	3.2037315
(CRAFT_train, CRAFT_test)	anatomy	(32, 64)	85	58	0.68235294	0.029010239	0.11175337	0.019795222	3.2037315
(CRAFT_train, CRAFT_test)	anatomy	(64, 128)	29	22	0.75862069	0.0098976109	0.04238921	0.0075085324	3.2037315
(CRAFT_train, CRAFT_test)	anatomy	(128, 256)	12	10	0.83333333	0.0040955631	0.019267823	0.0034129693	3.2037315
(CRAFT_train, CRAFT_test)	anatomy	(256, None)	9	9	1	0.0030716724	0.01734104	0.0030716724	3.2037315
(CRAFT_train, CRAFT_test)	cell	Overall	883	123	0.13929785	1	1	0.13929785	3.2037315
(CRAFT_train, CRAFT_test)	cell	(1, 2)	440	0	0	0.49830125	0	0	3.2037315
(CRAFT_train, CRAFT_test)	cell	(2, 4)	213	28	0.1314554	0.2412231	0.22764228	0.031710079	3.2037315
(CRAFT_train, CRAFT_test)	cell	(4, 8)	101	30	0.2970297	0.11438279	0.24390244	0.033975085	3.2037315
(CRAFT_train, CRAFT_test)	cell	(8, 16)	66	31	0.46969697	0.074745187	0.25203252	0.035107588	3.2037315
(CRAFT_train, CRAFT_test)	cell	(16, 32)	38	22	0.57894737	0.043035108	0.17886179	0.024915062	3.2037315
(CRAFT_train, CRAFT_test)	cell	(32, 64)	13	4	0.30769231	0.014722537	0.032520325	0.0045300113	3.2037315
(CRAFT_train, CRAFT_test)	cell	(64, 128)	9	5	0.55555556	0.010192525	0.040650407	0.0056625142	3.2037315
(CRAFT_train, CRAFT_test)	cell	(128, 256)	1	1	1	0.0011325028	0.0081300813	0.0011325028	3.2037315
(CRAFT_train, CRAFT_test)	cell	(256, None)	2	2	1	0.0022650057	0.016260163	0.0022650057	3.2037315
(CRAFT_train, CRAFT_test)	chemical	Overall	984	209	0.21239837	1	1	0.21239837	3.2037315
(CRAFT_train, CRAFT_test)	chemical	(1, 2)	437	0	0	0.44410569	0	0	3.2037315
(CRAFT_train, CRAFT_test)	chemical	(2, 4)	240	42	0.175	0.24390244	0.20095694	0.042682927	3.2037315
(CRAFT_train, CRAFT_test)	chemical	(4, 8)	151	57	0.37748344	0.15345528	0.27272727	0.057926829	3.2037315
(CRAFT_train, CRAFT_test)	chemical	(8, 16)	67	39	0.58208955	0.068089431	0.18660287	0.039634146	3.2037315
(CRAFT_train, CRAFT_test)	chemical	(16, 32)	42	32	0.76190476	0.042682927	0.15311005	0.032520325	3.2037315
(CRAFT_train, CRAFT_test)	chemical	(32, 64)	32	26	0.8125	0.032520325	0.12440191	0.026422764	3.2037315
(CRAFT_train, CRAFT_test)	chemical	(64, 128)	13	11	0.84615385	0.013211382	0.052631579	0.011178862	3.2037315
(CRAFT_train, CRAFT_test)	chemical	(128, 256)	1	1	1	0.0010162602	0.004784689	0.0010162602	3.2037315
(CRAFT_train, CRAFT_test)	chemical	(256, None)	1	1	1	0.0010162602	0.004784689	0.0010162602	3.2037315
(CRAFT_train, CRAFT_test)	disease	Overall	660	55	0.083333333	1	1	0.083333333	3.2037315
(CRAFT_train, CRAFT_test)	disease	(1, 2)	363	0	0	0.55	0	0	3.2037315
(CRAFT_train, CRAFT_test)	disease	(2, 4)	152	16	0.10526316	0.23030303	0.29090909	0.024242424	3.2037315
(CRAFT_train, CRAFT_test)	disease	(4, 8)	64	10	0.15625	0.096969697	0.18181818	0.015151515	3.2037315
(CRAFT_train, CRAFT_test)	disease	(8, 16)	45	16	0.35555556	0.068181818	0.29090909	0.024242424	3.2037315
(CRAFT_train, CRAFT_test)	disease	(16, 32)	27	9	0.33333333	0.040909091	0.16363636	0.013636364	3.2037315
(CRAFT_train, CRAFT_test)	disease	(32, 64)	4	2	0.5	0.0060606061	0.036363636	0.003030303	3.2037315
(CRAFT_train, CRAFT_test)	disease	(64, 128)	4	1	0.25	0.0060606061	0.018181818	0.0015151515	3.2037315
(CRAFT_train, CRAFT_test)	disease	(128, 256)	1	1	1	0.0015151515	0.018181818	0.0015151515	3.2037315
(CRAFT_train, CRAFT_test)	disease	(256, None)	0	0	0	0	0	0	3.2037315
(CRAFT_train, CRAFT_test)	function_process	Overall	1797	312	0.1736227	1	1	0.1736227	3.2037315
(CRAFT_train, CRAFT_test)	function_process	(1, 2)	1025	0	0	0.5703951	0	0	3.2037315
(CRAFT_train, CRAFT_test)	function_process	(2, 4)	373	75	0.20107239	0.20756817	0.24038462	0.041736227	3.2037315
(CRAFT_train, CRAFT_test)	function_process	(4, 8)	194	90	0.46391753	0.10795771	0.28846154	0.050083472	3.2037315
(CRAFT_train, CRAFT_test)	function_process	(8, 16)	103	62	0.60194175	0.057317752	0.19871795	0.034501948	3.2037315
(CRAFT_train, CRAFT_test)	function_process	(16, 32)	45	33	0.73333333	0.025041736	0.10576923	0.01836394	3.2037315
(CRAFT_train, CRAFT_test)	function_process	(32, 64)	31	29	0.93548387	0.017250974	0.092948718	0.016138008	3.2037315
(CRAFT_train, CRAFT_test)	function_process	(64, 128)	15	12	0.8	0.0083472454	0.038461538	0.0066777963	3.2037315
(CRAFT_train, CRAFT_test)	function_process	(128, 256)	7	7	1	0.0038953812	0.022435897	0.0038953812	3.2037315
(CRAFT_train, CRAFT_test)	function_process	(256, None)	4	4	1	0.0022259321	0.012820513	0.0022259321	3.2037315
(CRAFT_train, CRAFT_test)	gene_protein_sequence	Overall	2714	282	0.10390567	1	1	0.10390567	3.2037315
(CRAFT_train, CRAFT_test)	gene_protein_sequence	(1, 2)	1337	0	0	0.4926308	0	0	3.2037315
(CRAFT_train, CRAFT_test)	gene_protein_sequence	(2, 4)	569	67	0.11775044	0.20965365	0.23758865	0.024686809	3.2037315
(CRAFT_train, CRAFT_test)	gene_protein_sequence	(4, 8)	316	52	0.16455696	0.11643331	0.18439716	0.019159912	3.2037315
(CRAFT_train, CRAFT_test)	gene_protein_sequence	(8, 16)	192	54	0.28125	0.070744289	0.19148936	0.019896831	3.2037315
(CRAFT_train, CRAFT_test)	gene_protein_sequence	(16, 32)	105	39	0.37142857	0.038688283	0.13829787	0.014369934	3.2037315
(CRAFT_train, CRAFT_test)	gene_protein_sequence	(32, 64)	77	28	0.36363636	0.028371408	0.09929078	0.010316875	3.2037315
(CRAFT_train, CRAFT_test)	gene_protein_sequence	(64, 128)	67	17	0.25373134	0.024686809	0.060283688	0.0062638172	3.2037315
(CRAFT_train, CRAFT_test)	gene_protein_sequence	(128, 256)	35	13	0.37142857	0.012896094	0.046099291	0.0047899779	3.2037315
(CRAFT_train, CRAFT_test)	gene_protein_sequence	(256, None)	16	12	0.75	0.0058953574	0.042553191	0.0044215181	3.2037315
(CRAFT_train, CRAFT_test)	species	Overall	332	82	0.24698795	1	1	0.24698795	3.2037315
(CRAFT_train, CRAFT_test)	species	(1, 2)	169	0	0	0.50903614	0	0	3.2037315
(CRAFT_train, CRAFT_test)	species	(2, 4)	74	19	0.25675676	0.22289157	0.23170732	0.057228916	3.2037315
(CRAFT_train, CRAFT_test)	species	(4, 8)	31	15	0.48387097	0.093373494	0.18292683	0.045180723	3.2037315
(CRAFT_train, CRAFT_test)	species	(8, 16)	22	13	0.59090909	0.06626506	0.15853659	0.039156627	3.2037315
(CRAFT_train, CRAFT_test)	species	(16, 32)	11	10	0.90909091	0.03313253	0.12195122	0.030120482	3.2037315
(CRAFT_train, CRAFT_test)	species	(32, 64)	12	12	1	0.036144578	0.14634146	0.036144578	3.2037315
(CRAFT_train, CRAFT_test)	species	(64, 128)	7	7	1	0.021084337	0.085365854	0.021084337	3.2037315
(CRAFT_train, CRAFT_test)	species	(128, 256)	1	1	1	0.0030120482	0.012195122	0.0030120482	3.2037315
(CRAFT_train, CRAFT_test)	species	(256, None)	5	5	1	0.015060241	0.06097561	0.015060241	3.2037315
(CellLink_train, CellLink_dev)	cell	Overall	6976	637	0.091313073	1	1	0.091313073	3.5820846
(CellLink_train, CellLink_dev)	cell	(1, 2)	5297	0	0	0.75931766	0	0	3.5820846
(CellLink_train, CellLink_dev)	cell	(2, 4)	1095	250	0.2283105	0.15696674	0.39246468	0.035837156	3.5820846
(CellLink_train, CellLink_dev)	cell	(4, 8)	359	183	0.5097493	0.051462156	0.28728414	0.026232798	3.5820846
(CellLink_train, CellLink_dev)	cell	(8, 16)	123	106	0.86178862	0.017631881	0.16640502	0.015194954	3.5820846
(CellLink_train, CellLink_dev)	cell	(16, 32)	62	59	0.9516129	0.0088876147	0.092621664	0.0084575688	3.5820846
(CellLink_train, CellLink_dev)	cell	(32, 64)	27	26	0.96296296	0.0038704128	0.040816327	0.0037270642	3.5820846
(CellLink_train, CellLink_dev)	cell	(64, 128)	11	11	1	0.0015768349	0.017268446	0.0015768349	3.5820846
(CellLink_train, CellLink_dev)	cell	(128, 256)	2	2	1	0.00028669725	0.0031397174	0.00028669725	3.5820846
(CellLink_train, CellLink_dev)	cell	(256, None)	0	0	0	0	0	0	3.5820846
(JNLPBA_train, JNLPBA_test)	cell	Overall	5137	413	0.080397119	1	1	0.080397119	3.056553
(JNLPBA_train, JNLPBA_test)	cell	(1, 2)	3832	0	0	0.74596068	0	0	3.056553
(JNLPBA_train, JNLPBA_test)	cell	(2, 4)	831	152	0.18291215	0.16176757	0.36803874	0.029589254	3.056553
(JNLPBA_train, JNLPBA_test)	cell	(4, 8)	276	112	0.4057971	0.053727857	0.27118644	0.021802609	3.056553
(JNLPBA_train, JNLPBA_test)	cell	(8, 16)	111	75	0.67567568	0.021607942	0.18159806	0.014599961	3.056553
(JNLPBA_train, JNLPBA_test)	cell	(16, 32)	44	34	0.77272727	0.0085653105	0.082324455	0.006618649	3.056553
(JNLPBA_train, JNLPBA_test)	cell	(32, 64)	28	25	0.89285714	0.0054506521	0.060532688	0.0048666537	3.056553
(JNLPBA_train, JNLPBA_test)	cell	(64, 128)	8	8	1	0.0015573292	0.01937046	0.0015573292	3.056553
(JNLPBA_train, JNLPBA_test)	cell	(128, 256)	5	5	1	0.00097333074	0.012106538	0.00097333074	3.056553
(JNLPBA_train, JNLPBA_test)	cell	(256, None)	2	2	1	0.0003893323	0.004842615	0.0003893323	3.056553
(JNLPBA_train, JNLPBA_test)	gene_protein_sequence	Overall	16702	1037	0.062088373	1	1	0.062088373	3.056553
(JNLPBA_train, JNLPBA_test)	gene_protein_sequence	(1, 2)	11923	0	0	0.7138666	0	0	3.056553
(JNLPBA_train, JNLPBA_test)	gene_protein_sequence	(2, 4)	2825	298	0.10548673	0.16914142	0.28736741	0.017842175	3.056553
(JNLPBA_train, JNLPBA_test)	gene_protein_sequence	(4, 8)	1131	269	0.23784262	0.067716441	0.25940212	0.016105856	3.056553
(JNLPBA_train, JNLPBA_test)	gene_protein_sequence	(8, 16)	499	215	0.43086172	0.029876661	0.20732883	0.01287271	3.056553
(JNLPBA_train, JNLPBA_test)	gene_protein_sequence	(16, 32)	177	120	0.6779661	0.010597533	0.11571842	0.0071847683	3.056553
(JNLPBA_train, JNLPBA_test)	gene_protein_sequence	(32, 64)	85	75	0.88235294	0.0050892109	0.072324012	0.0044904802	3.056553
(JNLPBA_train, JNLPBA_test)	gene_protein_sequence	(64, 128)	40	38	0.95	0.0023949228	0.036644166	0.0022751766	3.056553
(JNLPBA_train, JNLPBA_test)	gene_protein_sequence	(128, 256)	13	13	1	0.0007783499	0.012536162	0.0007783499	3.056553
(JNLPBA_train, JNLPBA_test)	gene_protein_sequence	(256, None)	9	9	1	0.00053885762	0.0086788814	0.00053885762	3.056553
(MedMentions_train, MedMentions_test)	anatomy	Overall	6542	628	0.095995109	1	1	0.095995109	4.0553945
(MedMentions_train, MedMentions_test)	anatomy	(1, 2)	4089	0	0	0.62503821	0	0	4.0553945
(MedMentions_train, MedMentions_test)	anatomy	(2, 4)	1429	187	0.13086074	0.21843473	0.2977707	0.028584531	4.0553945
(MedMentions_train, MedMentions_test)	anatomy	(4, 8)	659	192	0.29135053	0.10073372	0.30573248	0.029348823	4.0553945
(MedMentions_train, MedMentions_test)	anatomy	(8, 16)	252	144	0.57142857	0.03852033	0.22929936	0.022011617	4.0553945
(MedMentions_train, MedMentions_test)	anatomy	(16, 32)	72	64	0.88888889	0.011005809	0.10191083	0.009782941	4.0553945
(MedMentions_train, MedMentions_test)	anatomy	(32, 64)	26	26	1	0.0039743198	0.041401274	0.0039743198	4.0553945
(MedMentions_train, MedMentions_test)	anatomy	(64, 128)	10	10	1	0.0015285845	0.015923567	0.0015285845	4.0553945
(MedMentions_train, MedMentions_test)	anatomy	(128, 256)	3	3	1	0.00045857536	0.0047770701	0.00045857536	4.0553945
(MedMentions_train, MedMentions_test)	anatomy	(256, None)	2	2	1	0.00030571691	0.0031847134	0.00030571691	4.0553945
(MedMentions_train, MedMentions_test)	chemical	Overall	11180	991	0.088640429	1	1	0.088640429	4.0553945
(MedMentions_train, MedMentions_test)	chemical	(1, 2)	6755	0	0	0.60420394	0	0	4.0553945
(MedMentions_train, MedMentions_test)	chemical	(2, 4)	2475	319	0.12888889	0.22137746	0.32189707	0.028533095	4.0553945
(MedMentions_train, MedMentions_test)	chemical	(4, 8)	1216	288	0.23684211	0.10876565	0.29061554	0.025760286	4.0553945
(MedMentions_train, MedMentions_test)	chemical	(8, 16)	567	233	0.41093474	0.050715564	0.23511604	0.020840787	4.0553945
(MedMentions_train, MedMentions_test)	chemical	(16, 32)	111	97	0.87387387	0.0099284436	0.097880928	0.0086762075	4.0553945
(MedMentions_train, MedMentions_test)	chemical	(32, 64)	43	41	0.95348837	0.0038461538	0.041372351	0.003667263	4.0553945
(MedMentions_train, MedMentions_test)	chemical	(64, 128)	11	11	1	0.00098389982	0.011099899	0.00098389982	4.0553945
(MedMentions_train, MedMentions_test)	chemical	(128, 256)	2	2	1	0.00017889088	0.0020181635	0.00017889088	4.0553945
(MedMentions_train, MedMentions_test)	chemical	(256, None)	0	0	0	0	0	0	4.0553945
(MedMentions_train, MedMentions_test)	disease	Overall	5540	494	0.089169675	1	1	0.089169675	4.0553945
(MedMentions_train, MedMentions_test)	disease	(1, 2)	3835	0	0	0.69223827	0	0	4.0553945
(MedMentions_train, MedMentions_test)	disease	(2, 4)	1057	160	0.15137181	0.19079422	0.32388664	0.028880866	4.0553945
(MedMentions_train, MedMentions_test)	disease	(4, 8)	418	162	0.38755981	0.075451264	0.32793522	0.029241877	4.0553945
(MedMentions_train, MedMentions_test)	disease	(8, 16)	138	81	0.58695652	0.024909747	0.16396761	0.014620939	4.0553945
(MedMentions_train, MedMentions_test)	disease	(16, 32)	46	45	0.97826087	0.0083032491	0.091093117	0.0081227437	4.0553945
(MedMentions_train, MedMentions_test)	disease	(32, 64)	24	24	1	0.00433213	0.048582996	0.00433213	4.0553945
(MedMentions_train, MedMentions_test)	disease	(64, 128)	14	14	1	0.0025270758	0.028340081	0.0025270758	4.0553945
(MedMentions_train, MedMentions_test)	disease	(128, 256)	8	8	1	0.0014440433	0.016194332	0.0014440433	4.0553945
(MedMentions_train, MedMentions_test)	disease	(256, None)	0	0	0	0	0	0	4.0553945
(MedMentions_train, MedMentions_test)	function_process	Overall	10799	1244	0.11519585	1	1	0.11519585	4.0553945
(MedMentions_train, MedMentions_test)	function_process	(1, 2)	6849	0	0	0.63422539	0	0	4.0553945
(MedMentions_train, MedMentions_test)	function_process	(2, 4)	2260	384	0.1699115	0.20927864	0.30868167	0.035558848	4.0553945
(MedMentions_train, MedMentions_test)	function_process	(4, 8)	970	323	0.33298969	0.089823132	0.2596463	0.029910177	4.0553945
(MedMentions_train, MedMentions_test)	function_process	(8, 16)	421	262	0.62232779	0.038985091	0.21061093	0.024261506	4.0553945
(MedMentions_train, MedMentions_test)	function_process	(16, 32)	179	156	0.87150838	0.016575609	0.12540193	0.014445782	4.0553945
(MedMentions_train, MedMentions_test)	function_process	(32, 64)	81	80	0.98765432	0.0075006945	0.064308682	0.0074080933	4.0553945
(MedMentions_train, MedMentions_test)	function_process	(64, 128)	29	29	1	0.0026854338	0.023311897	0.0026854338	4.0553945
(MedMentions_train, MedMentions_test)	function_process	(128, 256)	9	9	1	0.0008334105	0.0072347267	0.0008334105	4.0553945
(MedMentions_train, MedMentions_test)	function_process	(256, None)	1	1	1	9.2601167e-05	0.00080385852	9.2601167e-05	4.0553945
(MedMentions_train, MedMentions_test)	species	Overall	3406	278	0.081620669	1	1	0.081620669	4.0553945
(MedMentions_train, MedMentions_test)	species	(1, 2)	2154	0	0	0.63241339	0	0	4.0553945
(MedMentions_train, MedMentions_test)	species	(2, 4)	798	83	0.10401003	0.23429243	0.29856115	0.024368761	4.0553945
(MedMentions_train, MedMentions_test)	species	(4, 8)	301	83	0.27574751	0.088373459	0.29856115	0.024368761	4.0553945
(MedMentions_train, MedMentions_test)	species	(8, 16)	93	54	0.58064516	0.027304756	0.1942446	0.015854375	4.0553945
(MedMentions_train, MedMentions_test)	species	(16, 32)	34	32	0.94117647	0.009982384	0.11510791	0.009395185	4.0553945
(MedMentions_train, MedMentions_test)	species	(32, 64)	18	18	1	0.0052847915	0.064748201	0.0052847915	4.0553945
(MedMentions_train, MedMentions_test)	species	(64, 128)	5	5	1	0.0014679977	0.017985612	0.0014679977	4.0553945
(MedMentions_train, MedMentions_test)	species	(128, 256)	1	1	1	0.00029359953	0.0035971223	0.00029359953	4.0553945
(MedMentions_train, MedMentions_test)	species	(256, None)	2	2	1	0.00058719906	0.0071942446	0.00058719906	4.0553945
(NCBI_Disease_train, NCBI_Disease_test)	disease	Overall	1941	174	0.089644513	1	1	0.089644513	3.272444
(NCBI_Disease_train, NCBI_Disease_test)	disease	(1, 2)	1230	0	0	0.63369397	0	0	3.272444
(NCBI_Disease_train, NCBI_Disease_test)	disease	(2, 4)	417	54	0.1294964	0.21483771	0.31034483	0.027820711	3.272444
(NCBI_Disease_train, NCBI_Disease_test)	disease	(4, 8)	160	36	0.225	0.082431736	0.20689655	0.018547141	3.272444
(NCBI_Disease_train, NCBI_Disease_test)	disease	(8, 16)	71	39	0.54929577	0.036579083	0.22413793	0.020092736	3.272444
(NCBI_Disease_train, NCBI_Disease_test)	disease	(16, 32)	36	21	0.58333333	0.018547141	0.12068966	0.010819165	3.272444
(NCBI_Disease_train, NCBI_Disease_test)	disease	(32, 64)	21	18	0.85714286	0.010819165	0.10344828	0.0092735703	3.272444
(NCBI_Disease_train, NCBI_Disease_test)	disease	(64, 128)	5	5	1	0.0025759918	0.028735632	0.0025759918	3.272444
(NCBI_Disease_train, NCBI_Disease_test)	disease	(128, 256)	1	1	1	0.00051519835	0.0057471264	0.00051519835	3.272444
(NCBI_Disease_train, NCBI_Disease_test)	disease	(256, None)	0	0	0	0	0	0	3.272444
(NLM_Chem_train, NLM_Chem_test)	chemical	Overall	4432	489	0.11033394	1	1	0.11033394	3.3269423
(NLM_Chem_train, NLM_Chem_test)	chemical	(1, 2)	2237	0	0	0.50473827	0	0	3.3269423
(NLM_Chem_train, NLM_Chem_test)	chemical	(2, 4)	946	86	0.090909091	0.21344765	0.17586912	0.019404332	3.3269423
(NLM_Chem_train, NLM_Chem_test)	chemical	(4, 8)	509	115	0.2259332	0.11484657	0.23517382	0.025947653	3.3269423
(NLM_Chem_train, NLM_Chem_test)	chemical	(8, 16)	307	108	0.35179153	0.069268953	0.2208589	0.024368231	3.3269423
(NLM_Chem_train, NLM_Chem_test)	chemical	(16, 32)	191	68	0.35602094	0.043095668	0.1390593	0.01534296	3.3269423
(NLM_Chem_train, NLM_Chem_test)	chemical	(32, 64)	133	60	0.45112782	0.030009025	0.12269939	0.013537906	3.3269423
(NLM_Chem_train, NLM_Chem_test)	chemical	(64, 128)	79	33	0.41772152	0.01782491	0.067484663	0.0074458484	3.3269423
(NLM_Chem_train, NLM_Chem_test)	chemical	(128, 256)	26	16	0.61538462	0.005866426	0.032719836	0.0036101083	3.3269423
(NLM_Chem_train, NLM_Chem_test)	chemical	(256, None)	4	3	0.75	0.00090252708	0.0061349693	0.00067689531	3.3269423
(NLM_Gene_train, NLM_Gene_test)	gene_protein_sequence	Overall	4943	389	0.078697147	1	1	0.078697147	3.2725862
(NLM_Gene_train, NLM_Gene_test)	gene_protein_sequence	(1, 2)	3155	0	0	0.63827635	0	0	3.2725862
(NLM_Gene_train, NLM_Gene_test)	gene_protein_sequence	(2, 4)	944	110	0.11652542	0.19097714	0.28277635	0.022253692	3.2725862
(NLM_Gene_train, NLM_Gene_test)	gene_protein_sequence	(4, 8)	454	122	0.26872247	0.091847056	0.31362468	0.024681368	3.2725862
(NLM_Gene_train, NLM_Gene_test)	gene_protein_sequence	(8, 16)	302	93	0.30794702	0.0610965	0.23907455	0.018814485	3.2725862
(NLM_Gene_train, NLM_Gene_test)	gene_protein_sequence	(16, 32)	61	38	0.62295082	0.012340684	0.097686375	0.0076876391	3.2725862
(NLM_Gene_train, NLM_Gene_test)	gene_protein_sequence	(32, 64)	23	22	0.95652174	0.0046530447	0.05655527	0.0044507384	3.2725862
(NLM_Gene_train, NLM_Gene_test)	gene_protein_sequence	(64, 128)	4	4	1	0.00080922517	0.010282776	0.00080922517	3.2725862
(NLM_Gene_train, NLM_Gene_test)	gene_protein_sequence	(128, 256)	0	0	0	0	0	0	3.2725862
(NLM_Gene_train, NLM_Gene_test)	gene_protein_sequence	(256, None)	0	0	0	0	0	0	3.2725862
(S1000_train, S1000_test)	species	Overall	2329	124	0.053241735	1	1	0.053241735	3.458114
(S1000_train, S1000_test)	species	(1, 2)	1232	0	0	0.5289824	0	0	3.458114
(S1000_train, S1000_test)	species	(2, 4)	763	36	0.047182176	0.32760842	0.29032258	0.015457278	3.458114
(S1000_train, S1000_test)	species	(4, 8)	241	40	0.1659751	0.10347789	0.32258065	0.017174753	3.458114
(S1000_train, S1000_test)	species	(8, 16)	66	25	0.37878788	0.028338343	0.2016129	0.010734221	3.458114
(S1000_train, S1000_test)	species	(16, 32)	19	15	0.78947368	0.0081580077	0.12096774	0.0064405324	3.458114
(S1000_train, S1000_test)	species	(32, 64)	6	6	1	0.002576213	0.048387097	0.002576213	3.458114
(S1000_train, S1000_test)	species	(64, 128)	2	2	1	0.00085873766	0.016129032	0.00085873766	3.458114
(S1000_train, S1000_test)	species	(128, 256)	0	0	0	0	0	0	3.458114
(S1000_train, S1000_test)	species	(256, None)	0	0	0	0	0	0	3.458114
(tmVar_train, tmVar_test)	sequence_variant	Overall	933	6	0.0064308682	1	1	0.0064308682	3.1999731
(tmVar_train, tmVar_test)	sequence_variant	(1, 2)	683	0	0	0.73204716	0	0	3.1999731
(tmVar_train, tmVar_test)	sequence_variant	(2, 4)	195	3	0.015384615	0.20900322	0.5	0.0032154341	3.1999731
(tmVar_train, tmVar_test)	sequence_variant	(4, 8)	49	2	0.040816327	0.052518757	0.33333333	0.0021436227	3.1999731
(tmVar_train, tmVar_test)	sequence_variant	(8, 16)	5	0	0	0.0053590568	0	0	3.1999731
(tmVar_train, tmVar_test)	sequence_variant	(16, 32)	1	1	1	0.0010718114	0.16666667	0.0010718114	3.1999731
(tmVar_train, tmVar_test)	sequence_variant	(32, 64)	0	0	0	0	0	0	3.1999731
(tmVar_train, tmVar_test)	sequence_variant	(64, 128)	0	0	0	0	0	0	3.1999731
(tmVar_train, tmVar_test)	sequence_variant	(128, 256)	0	0	0	0	0	0	3.1999731
(tmVar_train, tmVar_test)	sequence_variant	(256, None)	0	0	0	0	0	0	3.1999731

Metric:	identifier_overlap_by_frequency
Split pair	Entity scope	Bin	Union count	Intersection count	Jaccard	Union share	Intersection share	Contribution to Overall Jaccard	Article topic distribution entropy
(BC5CDR_train, BC5CDR_test)	chemical	Overall	1033	303	0.29332043	1	1	0.29332043	3.6306134
(BC5CDR_train, BC5CDR_test)	chemical	(1, 2)	217	0	0	0.21006776	0	0	3.6306134
(BC5CDR_train, BC5CDR_test)	chemical	(2, 4)	215	21	0.097674419	0.20813166	0.069306931	0.020329138	3.6306134
(BC5CDR_train, BC5CDR_test)	chemical	(4, 8)	243	50	0.20576132	0.23523717	0.1650165	0.048402711	3.6306134
(BC5CDR_train, BC5CDR_test)	chemical	(8, 16)	189	76	0.4021164	0.18296225	0.25082508	0.07357212	3.6306134
(BC5CDR_train, BC5CDR_test)	chemical	(16, 32)	96	83	0.86458333	0.092933204	0.27392739	0.0803485	3.6306134
(BC5CDR_train, BC5CDR_test)	chemical	(32, 64)	45	45	1	0.043562439	0.14851485	0.043562439	3.6306134
(BC5CDR_train, BC5CDR_test)	chemical	(64, 128)	26	26	1	0.025169409	0.085808581	0.025169409	3.6306134
(BC5CDR_train, BC5CDR_test)	chemical	(128, 256)	2	2	1	0.0019361084	0.0066006601	0.0019361084	3.6306134
(BC5CDR_train, BC5CDR_test)	chemical	(256, None)	0	0	0	0	0	0	3.6306134
(BC5CDR_train, BC5CDR_test)	disease	Overall	915	396	0.43278689	1	1	0.43278689	3.6306134
(BC5CDR_train, BC5CDR_test)	disease	(1, 2)	242	0	0	0.26448087	0	0	3.6306134
(BC5CDR_train, BC5CDR_test)	disease	(2, 4)	215	60	0.27906977	0.23497268	0.15151515	0.06557377	3.6306134
(BC5CDR_train, BC5CDR_test)	disease	(4, 8)	211	114	0.54028436	0.23060109	0.28787879	0.12459016	3.6306134
(BC5CDR_train, BC5CDR_test)	disease	(8, 16)	119	97	0.81512605	0.13005464	0.24494949	0.10601093	3.6306134
(BC5CDR_train, BC5CDR_test)	disease	(16, 32)	61	58	0.95081967	0.066666667	0.14646465	0.063387978	3.6306134
(BC5CDR_train, BC5CDR_test)	disease	(32, 64)	44	44	1	0.048087432	0.11111111	0.048087432	3.6306134
(BC5CDR_train, BC5CDR_test)	disease	(64, 128)	16	16	1	0.017486339	0.04040404	0.017486339	3.6306134
(BC5CDR_train, BC5CDR_test)	disease	(128, 256)	6	6	1	0.006557377	0.015151515	0.006557377	3.6306134
(BC5CDR_train, BC5CDR_test)	disease	(256, None)	1	1	1	0.0010928962	0.0025252525	0.0010928962	3.6306134
(BioID_train, BioID_dev)	anatomy	Overall	618	108	0.17475728	1	1	0.17475728	2.0137087
(BioID_train, BioID_dev)	anatomy	(1, 2)	220	0	0	0.35598706	0	0	2.0137087
(BioID_train, BioID_dev)	anatomy	(2, 4)	139	10	0.071942446	0.22491909	0.092592593	0.01618123	2.0137087
(BioID_train, BioID_dev)	anatomy	(4, 8)	94	13	0.13829787	0.15210356	0.12037037	0.021035599	2.0137087
(BioID_train, BioID_dev)	anatomy	(8, 16)	76	31	0.40789474	0.12297735	0.28703704	0.050161812	2.0137087
(BioID_train, BioID_dev)	anatomy	(16, 32)	44	21	0.47727273	0.071197411	0.19444444	0.033980583	2.0137087
(BioID_train, BioID_dev)	anatomy	(32, 64)	22	12	0.54545455	0.035598706	0.11111111	0.019417476	2.0137087
(BioID_train, BioID_dev)	anatomy	(64, 128)	17	15	0.88235294	0.027508091	0.13888889	0.024271845	2.0137087
(BioID_train, BioID_dev)	anatomy	(128, 256)	4	4	1	0.0064724919	0.037037037	0.0064724919	2.0137087
(BioID_train, BioID_dev)	anatomy	(256, None)	2	2	1	0.003236246	0.018518519	0.003236246	2.0137087
(BioID_train, BioID_dev)	cell	Overall	524	102	0.19465649	1	1	0.19465649	2.0137087
(BioID_train, BioID_dev)	cell	(1, 2)	120	0	0	0.22900763	0	0	2.0137087
(BioID_train, BioID_dev)	cell	(2, 4)	115	5	0.043478261	0.21946565	0.049019608	0.0095419847	2.0137087
(BioID_train, BioID_dev)	cell	(4, 8)	87	6	0.068965517	0.16603053	0.058823529	0.011450382	2.0137087
(BioID_train, BioID_dev)	cell	(8, 16)	71	10	0.14084507	0.13549618	0.098039216	0.019083969	2.0137087
(BioID_train, BioID_dev)	cell	(16, 32)	54	23	0.42592593	0.10305344	0.2254902	0.04389313	2.0137087
(BioID_train, BioID_dev)	cell	(32, 64)	46	29	0.63043478	0.08778626	0.28431373	0.055343511	2.0137087
(BioID_train, BioID_dev)	cell	(64, 128)	19	17	0.89473684	0.036259542	0.16666667	0.032442748	2.0137087
(BioID_train, BioID_dev)	cell	(128, 256)	6	6	1	0.011450382	0.058823529	0.011450382	2.0137087
(BioID_train, BioID_dev)	cell	(256, None)	6	6	1	0.011450382	0.058823529	0.011450382	2.0137087
(BioID_train, BioID_dev)	chemical	Overall	1150	206	0.17913043	1	1	0.17913043	2.0137087
(BioID_train, BioID_dev)	chemical	(1, 2)	341	0	0	0.29652174	0	0	2.0137087
(BioID_train, BioID_dev)	chemical	(2, 4)	295	25	0.084745763	0.25652174	0.12135922	0.02173913	2.0137087
(BioID_train, BioID_dev)	chemical	(4, 8)	215	40	0.18604651	0.18695652	0.19417476	0.034782609	2.0137087
(BioID_train, BioID_dev)	chemical	(8, 16)	130	35	0.26923077	0.11304348	0.16990291	0.030434783	2.0137087
(BioID_train, BioID_dev)	chemical	(16, 32)	95	52	0.54736842	0.082608696	0.25242718	0.045217391	2.0137087
(BioID_train, BioID_dev)	chemical	(32, 64)	46	30	0.65217391	0.04	0.14563107	0.026086957	2.0137087
(BioID_train, BioID_dev)	chemical	(64, 128)	17	13	0.76470588	0.014782609	0.063106796	0.011304348	2.0137087
(BioID_train, BioID_dev)	chemical	(128, 256)	9	9	1	0.007826087	0.04368932	0.007826087	2.0137087
(BioID_train, BioID_dev)	chemical	(256, None)	2	2	1	0.0017391304	0.0097087379	0.0017391304	2.0137087
(BioID_train, BioID_dev)	function_process	Overall	376	110	0.29255319	1	1	0.29255319	2.0137087
(BioID_train, BioID_dev)	function_process	(1, 2)	78	0	0	0.20744681	0	0	2.0137087
(BioID_train, BioID_dev)	function_process	(2, 4)	83	9	0.10843373	0.22074468	0.081818182	0.02393617	2.0137087
(BioID_train, BioID_dev)	function_process	(4, 8)	76	21	0.27631579	0.20212766	0.19090909	0.055851064	2.0137087
(BioID_train, BioID_dev)	function_process	(8, 16)	55	21	0.38181818	0.1462766	0.19090909	0.055851064	2.0137087
(BioID_train, BioID_dev)	function_process	(16, 32)	48	28	0.58333333	0.12765957	0.25454545	0.074468085	2.0137087
(BioID_train, BioID_dev)	function_process	(32, 64)	14	9	0.64285714	0.037234043	0.081818182	0.02393617	2.0137087
(BioID_train, BioID_dev)	function_process	(64, 128)	12	12	1	0.031914894	0.10909091	0.031914894	2.0137087
(BioID_train, BioID_dev)	function_process	(128, 256)	6	6	1	0.015957447	0.054545455	0.015957447	2.0137087
(BioID_train, BioID_dev)	function_process	(256, None)	4	4	1	0.010638298	0.036363636	0.010638298	2.0137087
(BioID_train, BioID_dev)	gene_protein_sequence	Overall	6176	699	0.11318005	1	1	0.11318005	2.0137087
(BioID_train, BioID_dev)	gene_protein_sequence	(1, 2)	1732	0	0	0.28044041	0	0	2.0137087
(BioID_train, BioID_dev)	gene_protein_sequence	(2, 4)	1568	68	0.043367347	0.25388601	0.097281831	0.011010363	2.0137087
(BioID_train, BioID_dev)	gene_protein_sequence	(4, 8)	1154	139	0.12045061	0.18685233	0.19885551	0.022506477	2.0137087
(BioID_train, BioID_dev)	gene_protein_sequence	(8, 16)	816	152	0.18627451	0.13212435	0.21745351	0.024611399	2.0137087
(BioID_train, BioID_dev)	gene_protein_sequence	(16, 32)	533	144	0.27016886	0.086301813	0.20600858	0.023316062	2.0137087
(BioID_train, BioID_dev)	gene_protein_sequence	(32, 64)	258	108	0.41860465	0.041774611	0.15450644	0.017487047	2.0137087
(BioID_train, BioID_dev)	gene_protein_sequence	(64, 128)	77	50	0.64935065	0.012467617	0.071530758	0.0080958549	2.0137087
(BioID_train, BioID_dev)	gene_protein_sequence	(128, 256)	21	21	1	0.0034002591	0.030042918	0.0034002591	2.0137087
(BioID_train, BioID_dev)	gene_protein_sequence	(256, None)	17	17	1	0.0027525907	0.024320458	0.0027525907	2.0137087
(BioID_train, BioID_dev)	species	Overall	158	35	0.22151899	1	1	0.22151899	2.0137087
(BioID_train, BioID_dev)	species	(1, 2)	37	0	0	0.23417722	0	0	2.0137087
(BioID_train, BioID_dev)	species	(2, 4)	30	4	0.13333333	0.18987342	0.11428571	0.025316456	2.0137087
(BioID_train, BioID_dev)	species	(4, 8)	23	3	0.13043478	0.14556962	0.085714286	0.018987342	2.0137087
(BioID_train, BioID_dev)	species	(8, 16)	22	2	0.090909091	0.13924051	0.057142857	0.012658228	2.0137087
(BioID_train, BioID_dev)	species	(16, 32)	19	4	0.21052632	0.12025316	0.11428571	0.025316456	2.0137087
(BioID_train, BioID_dev)	species	(32, 64)	10	9	0.9	0.063291139	0.25714286	0.056962025	2.0137087
(BioID_train, BioID_dev)	species	(64, 128)	9	5	0.55555556	0.056962025	0.14285714	0.03164557	2.0137087
(BioID_train, BioID_dev)	species	(128, 256)	5	5	1	0.03164557	0.14285714	0.03164557	2.0137087
(BioID_train, BioID_dev)	species	(256, None)	3	3	1	0.018987342	0.085714286	0.018987342	2.0137087
(BioRED_train, BioRED_test)	chemical	Overall	564	94	0.16666667	1	1	0.16666667	3.664348
(BioRED_train, BioRED_test)	chemical	(1, 2)	157	0	0	0.27836879	0	0	3.664348
(BioRED_train, BioRED_test)	chemical	(2, 4)	128	9	0.0703125	0.22695035	0.095744681	0.015957447	3.664348
(BioRED_train, BioRED_test)	chemical	(4, 8)	126	19	0.15079365	0.22340426	0.20212766	0.033687943	3.664348
(BioRED_train, BioRED_test)	chemical	(8, 16)	103	32	0.31067961	0.18262411	0.34042553	0.056737589	3.664348
(BioRED_train, BioRED_test)	chemical	(16, 32)	39	24	0.61538462	0.069148936	0.25531915	0.042553191	3.664348
(BioRED_train, BioRED_test)	chemical	(32, 64)	10	9	0.9	0.017730496	0.095744681	0.015957447	3.664348
(BioRED_train, BioRED_test)	chemical	(64, 128)	1	1	1	0.0017730496	0.010638298	0.0017730496	3.664348
(BioRED_train, BioRED_test)	chemical	(128, 256)	0	0	0	0	0	0	3.664348
(BioRED_train, BioRED_test)	chemical	(256, None)	0	0	0	0	0	0	3.664348
(BioRED_train, BioRED_test)	disease	Overall	693	129	0.18614719	1	1	0.18614719	3.664348
(BioRED_train, BioRED_test)	disease	(1, 2)	210	0	0	0.3030303	0	0	3.664348
(BioRED_train, BioRED_test)	disease	(2, 4)	145	20	0.13793103	0.20923521	0.15503876	0.028860029	3.664348
(BioRED_train, BioRED_test)	disease	(4, 8)	172	26	0.15116279	0.24819625	0.20155039	0.037518038	3.664348
(BioRED_train, BioRED_test)	disease	(8, 16)	110	40	0.36363636	0.15873016	0.31007752	0.057720058	3.664348
(BioRED_train, BioRED_test)	disease	(16, 32)	37	26	0.7027027	0.053391053	0.20155039	0.037518038	3.664348
(BioRED_train, BioRED_test)	disease	(32, 64)	13	11	0.84615385	0.018759019	0.085271318	0.015873016	3.664348
(BioRED_train, BioRED_test)	disease	(64, 128)	5	5	1	0.0072150072	0.03875969	0.0072150072	3.664348
(BioRED_train, BioRED_test)	disease	(128, 256)	0	0	0	0	0	0	3.664348
(BioRED_train, BioRED_test)	disease	(256, None)	1	1	1	0.0014430014	0.007751938	0.0014430014	3.664348
(BioRED_train, BioRED_test)	gene_protein_sequence	Overall	1417	125	0.088214538	1	1	0.088214538	3.664348
(BioRED_train, BioRED_test)	gene_protein_sequence	(1, 2)	532	0	0	0.37544107	0	0	3.664348
(BioRED_train, BioRED_test)	gene_protein_sequence	(2, 4)	295	23	0.077966102	0.20818631	0.184	0.016231475	3.664348
(BioRED_train, BioRED_test)	gene_protein_sequence	(4, 8)	333	36	0.10810811	0.23500353	0.288	0.025405787	3.664348
(BioRED_train, BioRED_test)	gene_protein_sequence	(8, 16)	207	44	0.21256039	0.14608327	0.352	0.031051517	3.664348
(BioRED_train, BioRED_test)	gene_protein_sequence	(16, 32)	50	22	0.44	0.035285815	0.176	0.015525759	3.664348
(BioRED_train, BioRED_test)	gene_protein_sequence	(32, 64)	0	0	0	0	0	0	3.664348
(BioRED_train, BioRED_test)	gene_protein_sequence	(64, 128)	0	0	0	0	0	0	3.664348
(BioRED_train, BioRED_test)	gene_protein_sequence	(128, 256)	0	0	0	0	0	0	3.664348
(BioRED_train, BioRED_test)	gene_protein_sequence	(256, None)	0	0	0	0	0	0	3.664348
(BioRED_train, BioRED_test)	sequence_variant	Overall	552	5	0.009057971	1	1	0.009057971	3.664348
(BioRED_train, BioRED_test)	sequence_variant	(1, 2)	323	0	0	0.58514493	0	0	3.664348
(BioRED_train, BioRED_test)	sequence_variant	(2, 4)	157	3	0.01910828	0.28442029	0.6	0.0054347826	3.664348
(BioRED_train, BioRED_test)	sequence_variant	(4, 8)	55	2	0.036363636	0.099637681	0.4	0.0036231884	3.664348
(BioRED_train, BioRED_test)	sequence_variant	(8, 16)	16	0	0	0.028985507	0	0	3.664348
(BioRED_train, BioRED_test)	sequence_variant	(16, 32)	1	0	0	0.0018115942	0	0	3.664348
(BioRED_train, BioRED_test)	sequence_variant	(32, 64)	0	0	0	0	0	0	3.664348
(BioRED_train, BioRED_test)	sequence_variant	(64, 128)	0	0	0	0	0	0	3.664348
(BioRED_train, BioRED_test)	sequence_variant	(128, 256)	0	0	0	0	0	0	3.664348
(BioRED_train, BioRED_test)	sequence_variant	(256, None)	0	0	0	0	0	0	3.664348
(BioRED_train, BioRED_test)	species	Overall	41	7	0.17073171	1	1	0.17073171	3.664348
(BioRED_train, BioRED_test)	species	(1, 2)	13	0	0	0.31707317	0	0	3.664348
(BioRED_train, BioRED_test)	species	(2, 4)	15	1	0.066666667	0.36585366	0.14285714	0.024390244	3.664348
(BioRED_train, BioRED_test)	species	(4, 8)	3	0	0	0.073170732	0	0	3.664348
(BioRED_train, BioRED_test)	species	(8, 16)	5	2	0.4	0.12195122	0.28571429	0.048780488	3.664348
(BioRED_train, BioRED_test)	species	(16, 32)	2	1	0.5	0.048780488	0.14285714	0.024390244	3.664348
(BioRED_train, BioRED_test)	species	(32, 64)	0	0	0	0	0	0	3.664348
(BioRED_train, BioRED_test)	species	(64, 128)	0	0	0	0	0	0	3.664348
(BioRED_train, BioRED_test)	species	(128, 256)	0	0	0	0	0	0	3.664348
(BioRED_train, BioRED_test)	species	(256, None)	3	3	1	0.073170732	0.42857143	0.073170732	3.664348
(CRAFT_train, CRAFT_test)	anatomy	Overall	1228	356	0.28990228	1	1	0.28990228	3.2037315
(CRAFT_train, CRAFT_test)	anatomy	(1, 2)	331	0	0	0.26954397	0	0	3.2037315
(CRAFT_train, CRAFT_test)	anatomy	(2, 4)	271	37	0.13653137	0.22068404	0.10393258	0.030130293	3.2037315
(CRAFT_train, CRAFT_test)	anatomy	(4, 8)	242	67	0.2768595	0.1970684	0.18820225	0.054560261	3.2037315
(CRAFT_train, CRAFT_test)	anatomy	(8, 16)	139	73	0.52517986	0.11319218	0.20505618	0.059446254	3.2037315
(CRAFT_train, CRAFT_test)	anatomy	(16, 32)	107	72	0.6728972	0.08713355	0.20224719	0.058631922	3.2037315
(CRAFT_train, CRAFT_test)	anatomy	(32, 64)	66	48	0.72727273	0.053745928	0.13483146	0.039087948	3.2037315
(CRAFT_train, CRAFT_test)	anatomy	(64, 128)	41	32	0.7804878	0.033387622	0.08988764	0.026058632	3.2037315
(CRAFT_train, CRAFT_test)	anatomy	(128, 256)	21	17	0.80952381	0.017100977	0.047752809	0.013843648	3.2037315
(CRAFT_train, CRAFT_test)	anatomy	(256, None)	10	10	1	0.0081433225	0.028089888	0.0081433225	3.2037315
(CRAFT_train, CRAFT_test)	cell	Overall	277	86	0.31046931	1	1	0.31046931	3.2037315
(CRAFT_train, CRAFT_test)	cell	(1, 2)	61	0	0	0.22021661	0	0	3.2037315
(CRAFT_train, CRAFT_test)	cell	(2, 4)	76	10	0.13157895	0.27436823	0.11627907	0.036101083	3.2037315
(CRAFT_train, CRAFT_test)	cell	(4, 8)	39	11	0.28205128	0.14079422	0.12790698	0.039711191	3.2037315
(CRAFT_train, CRAFT_test)	cell	(8, 16)	39	24	0.61538462	0.14079422	0.27906977	0.086642599	3.2037315
(CRAFT_train, CRAFT_test)	cell	(16, 32)	26	16	0.61538462	0.093862816	0.18604651	0.057761733	3.2037315
(CRAFT_train, CRAFT_test)	cell	(32, 64)	18	12	0.66666667	0.064981949	0.13953488	0.0433213	3.2037315
(CRAFT_train, CRAFT_test)	cell	(64, 128)	11	8	0.72727273	0.039711191	0.093023256	0.028880866	3.2037315
(CRAFT_train, CRAFT_test)	cell	(128, 256)	5	3	0.6	0.018050542	0.034883721	0.010830325	3.2037315
(CRAFT_train, CRAFT_test)	cell	(256, None)	2	2	1	0.0072202166	0.023255814	0.0072202166	3.2037315
(CRAFT_train, CRAFT_test)	chemical	Overall	574	174	0.30313589	1	1	0.30313589	3.2037315
(CRAFT_train, CRAFT_test)	chemical	(1, 2)	184	0	0	0.32055749	0	0	3.2037315
(CRAFT_train, CRAFT_test)	chemical	(2, 4)	130	19	0.14615385	0.22648084	0.1091954	0.033101045	3.2037315
(CRAFT_train, CRAFT_test)	chemical	(4, 8)	105	44	0.41904762	0.18292683	0.25287356	0.076655052	3.2037315
(CRAFT_train, CRAFT_test)	chemical	(8, 16)	64	33	0.515625	0.11149826	0.18965517	0.057491289	3.2037315
(CRAFT_train, CRAFT_test)	chemical	(16, 32)	37	30	0.81081081	0.06445993	0.17241379	0.052264808	3.2037315
(CRAFT_train, CRAFT_test)	chemical	(32, 64)	29	24	0.82758621	0.050522648	0.13793103	0.041811847	3.2037315
(CRAFT_train, CRAFT_test)	chemical	(64, 128)	21	20	0.95238095	0.036585366	0.11494253	0.034843206	3.2037315
(CRAFT_train, CRAFT_test)	chemical	(128, 256)	3	3	1	0.0052264808	0.017241379	0.0052264808	3.2037315
(CRAFT_train, CRAFT_test)	chemical	(256, None)	1	1	1	0.0017421603	0.0057471264	0.0017421603	3.2037315
(CRAFT_train, CRAFT_test)	disease	Overall	318	49	0.15408805	1	1	0.15408805	3.2037315
(CRAFT_train, CRAFT_test)	disease	(1, 2)	117	0	0	0.36792453	0	0	3.2037315
(CRAFT_train, CRAFT_test)	disease	(2, 4)	71	8	0.11267606	0.22327044	0.16326531	0.025157233	3.2037315
(CRAFT_train, CRAFT_test)	disease	(4, 8)	49	11	0.2244898	0.15408805	0.2244898	0.034591195	3.2037315
(CRAFT_train, CRAFT_test)	disease	(8, 16)	32	11	0.34375	0.10062893	0.2244898	0.034591195	3.2037315
(CRAFT_train, CRAFT_test)	disease	(16, 32)	30	11	0.36666667	0.094339623	0.2244898	0.034591195	3.2037315
(CRAFT_train, CRAFT_test)	disease	(32, 64)	12	4	0.33333333	0.037735849	0.081632653	0.012578616	3.2037315
(CRAFT_train, CRAFT_test)	disease	(64, 128)	6	3	0.5	0.018867925	0.06122449	0.0094339623	3.2037315
(CRAFT_train, CRAFT_test)	disease	(128, 256)	0	0	0	0	0	0	3.2037315
(CRAFT_train, CRAFT_test)	disease	(256, None)	1	1	1	0.0031446541	0.020408163	0.0031446541	3.2037315
(CRAFT_train, CRAFT_test)	function_process	Overall	687	193	0.28093159	1	1	0.28093159	3.2037315
(CRAFT_train, CRAFT_test)	function_process	(1, 2)	252	0	0	0.36681223	0	0	3.2037315
(CRAFT_train, CRAFT_test)	function_process	(2, 4)	149	35	0.23489933	0.21688501	0.18134715	0.050946143	3.2037315
(CRAFT_train, CRAFT_test)	function_process	(4, 8)	114	47	0.4122807	0.16593886	0.24352332	0.068413392	3.2037315
(CRAFT_train, CRAFT_test)	function_process	(8, 16)	72	35	0.48611111	0.10480349	0.18134715	0.050946143	3.2037315
(CRAFT_train, CRAFT_test)	function_process	(16, 32)	51	33	0.64705882	0.074235808	0.17098446	0.048034934	3.2037315
(CRAFT_train, CRAFT_test)	function_process	(32, 64)	22	19	0.86363636	0.03202329	0.098445596	0.027656477	3.2037315
(CRAFT_train, CRAFT_test)	function_process	(64, 128)	15	12	0.8	0.021834061	0.062176166	0.017467249	3.2037315
(CRAFT_train, CRAFT_test)	function_process	(128, 256)	6	6	1	0.0087336245	0.031088083	0.0087336245	3.2037315
(CRAFT_train, CRAFT_test)	function_process	(256, None)	6	6	1	0.0087336245	0.031088083	0.0087336245	3.2037315
(CRAFT_train, CRAFT_test)	gene_protein_sequence	Overall	1312	217	0.16539634	1	1	0.16539634	3.2037315
(CRAFT_train, CRAFT_test)	gene_protein_sequence	(1, 2)	388	0	0	0.29573171	0	0	3.2037315
(CRAFT_train, CRAFT_test)	gene_protein_sequence	(2, 4)	314	34	0.10828025	0.23932927	0.15668203	0.025914634	3.2037315
(CRAFT_train, CRAFT_test)	gene_protein_sequence	(4, 8)	199	30	0.15075377	0.15167683	0.13824885	0.022865854	3.2037315
(CRAFT_train, CRAFT_test)	gene_protein_sequence	(8, 16)	148	49	0.33108108	0.11280488	0.22580645	0.037347561	3.2037315
(CRAFT_train, CRAFT_test)	gene_protein_sequence	(16, 32)	83	33	0.39759036	0.063262195	0.15207373	0.025152439	3.2037315
(CRAFT_train, CRAFT_test)	gene_protein_sequence	(32, 64)	64	29	0.453125	0.048780488	0.13364055	0.022103659	3.2037315
(CRAFT_train, CRAFT_test)	gene_protein_sequence	(64, 128)	52	15	0.28846154	0.039634146	0.069124424	0.011432927	3.2037315
(CRAFT_train, CRAFT_test)	gene_protein_sequence	(128, 256)	43	13	0.30232558	0.03277439	0.059907834	0.0099085366	3.2037315
(CRAFT_train, CRAFT_test)	gene_protein_sequence	(256, None)	21	14	0.66666667	0.016006098	0.064516129	0.010670732	3.2037315
(CRAFT_train, CRAFT_test)	species	Overall	170	47	0.27647059	1	1	0.27647059	3.2037315
(CRAFT_train, CRAFT_test)	species	(1, 2)	66	0	0	0.38823529	0	0	3.2037315
(CRAFT_train, CRAFT_test)	species	(2, 4)	37	4	0.10810811	0.21764706	0.085106383	0.023529412	3.2037315
(CRAFT_train, CRAFT_test)	species	(4, 8)	28	11	0.39285714	0.16470588	0.23404255	0.064705882	3.2037315
(CRAFT_train, CRAFT_test)	species	(8, 16)	11	6	0.54545455	0.064705882	0.12765957	0.035294118	3.2037315
(CRAFT_train, CRAFT_test)	species	(16, 32)	12	10	0.83333333	0.070588235	0.21276596	0.058823529	3.2037315
(CRAFT_train, CRAFT_test)	species	(32, 64)	5	5	1	0.029411765	0.10638298	0.029411765	3.2037315
(CRAFT_train, CRAFT_test)	species	(64, 128)	5	5	1	0.029411765	0.10638298	0.029411765	3.2037315
(CRAFT_train, CRAFT_test)	species	(128, 256)	3	3	1	0.017647059	0.063829787	0.017647059	3.2037315
(CRAFT_train, CRAFT_test)	species	(256, None)	3	3	1	0.017647059	0.063829787	0.017647059	3.2037315
(CellLink_train, CellLink_dev)	cell	Overall	1073	436	0.40633737	1	1	0.40633737	3.5820846
(CellLink_train, CellLink_dev)	cell	(1, 2)	230	0	0	0.21435228	0	0	3.5820846
(CellLink_train, CellLink_dev)	cell	(2, 4)	258	38	0.14728682	0.24044734	0.087155963	0.035414725	3.5820846
(CellLink_train, CellLink_dev)	cell	(4, 8)	237	107	0.45147679	0.22087605	0.24541284	0.09972041	3.5820846
(CellLink_train, CellLink_dev)	cell	(8, 16)	165	114	0.69090909	0.15377446	0.26146789	0.10624418	3.5820846
(CellLink_train, CellLink_dev)	cell	(16, 32)	94	88	0.93617021	0.087604846	0.20183486	0.082013048	3.5820846
(CellLink_train, CellLink_dev)	cell	(32, 64)	45	45	1	0.04193849	0.10321101	0.04193849	3.5820846
(CellLink_train, CellLink_dev)	cell	(64, 128)	24	24	1	0.022367195	0.055045872	0.022367195	3.5820846
(CellLink_train, CellLink_dev)	cell	(128, 256)	15	15	1	0.013979497	0.03440367	0.013979497	3.5820846
(CellLink_train, CellLink_dev)	cell	(256, None)	5	5	1	0.0046598322	0.01146789	0.0046598322	3.5820846
(MedMentions_train, MedMentions_test)	anatomy	Overall	2645	492	0.18601134	1	1	0.18601134	4.0553945
(MedMentions_train, MedMentions_test)	anatomy	(1, 2)	1067	0	0	0.40340265	0	0	4.0553945
(MedMentions_train, MedMentions_test)	anatomy	(2, 4)	629	89	0.14149444	0.23780718	0.18089431	0.033648393	4.0553945
(MedMentions_train, MedMentions_test)	anatomy	(4, 8)	474	112	0.23628692	0.17920605	0.22764228	0.042344045	4.0553945
(MedMentions_train, MedMentions_test)	anatomy	(8, 16)	268	111	0.4141791	0.10132325	0.22560976	0.041965974	4.0553945
(MedMentions_train, MedMentions_test)	anatomy	(16, 32)	118	97	0.8220339	0.044612476	0.19715447	0.036672968	4.0553945
(MedMentions_train, MedMentions_test)	anatomy	(32, 64)	59	53	0.89830508	0.022306238	0.10772358	0.020037807	4.0553945
(MedMentions_train, MedMentions_test)	anatomy	(64, 128)	20	20	1	0.0075614367	0.040650407	0.0075614367	4.0553945
(MedMentions_train, MedMentions_test)	anatomy	(128, 256)	7	7	1	0.0026465028	0.014227642	0.0026465028	4.0553945
(MedMentions_train, MedMentions_test)	anatomy	(256, None)	3	3	1	0.0011342155	0.006097561	0.0011342155	4.0553945
(MedMentions_train, MedMentions_test)	chemical	Overall	4711	872	0.18509871	1	1	0.18509871	4.0553945
(MedMentions_train, MedMentions_test)	chemical	(1, 2)	1487	0	0	0.31564424	0	0	4.0553945
(MedMentions_train, MedMentions_test)	chemical	(2, 4)	1212	141	0.11633663	0.25727022	0.16169725	0.029929951	4.0553945
(MedMentions_train, MedMentions_test)	chemical	(4, 8)	970	198	0.20412371	0.20590108	0.22706422	0.042029293	4.0553945
(MedMentions_train, MedMentions_test)	chemical	(8, 16)	692	243	0.35115607	0.14689026	0.27866972	0.051581405	4.0553945
(MedMentions_train, MedMentions_test)	chemical	(16, 32)	231	176	0.76190476	0.049034175	0.20183486	0.037359372	4.0553945
(MedMentions_train, MedMentions_test)	chemical	(32, 64)	84	79	0.94047619	0.017830609	0.09059633	0.016769263	4.0553945
(MedMentions_train, MedMentions_test)	chemical	(64, 128)	24	24	1	0.0050944598	0.027522936	0.0050944598	4.0553945
(MedMentions_train, MedMentions_test)	chemical	(128, 256)	9	9	1	0.0019104224	0.010321101	0.0019104224	4.0553945
(MedMentions_train, MedMentions_test)	chemical	(256, None)	2	2	1	0.00042453831	0.002293578	0.00042453831	4.0553945
(MedMentions_train, MedMentions_test)	disease	Overall	2329	445	0.19106913	1	1	0.19106913	4.0553945
(MedMentions_train, MedMentions_test)	disease	(1, 2)	1156	0	0	0.49635036	0	0	4.0553945
(MedMentions_train, MedMentions_test)	disease	(2, 4)	520	86	0.16538462	0.22327179	0.19325843	0.036925719	4.0553945
(MedMentions_train, MedMentions_test)	disease	(4, 8)	328	115	0.35060976	0.14083298	0.25842697	0.049377415	4.0553945
(MedMentions_train, MedMentions_test)	disease	(8, 16)	196	124	0.63265306	0.08415629	0.27865169	0.053241735	4.0553945
(MedMentions_train, MedMentions_test)	disease	(16, 32)	70	61	0.87142857	0.030055818	0.13707865	0.026191498	4.0553945
(MedMentions_train, MedMentions_test)	disease	(32, 64)	33	33	1	0.014169171	0.074157303	0.014169171	4.0553945
(MedMentions_train, MedMentions_test)	disease	(64, 128)	13	13	1	0.0055817948	0.029213483	0.0055817948	4.0553945
(MedMentions_train, MedMentions_test)	disease	(128, 256)	8	8	1	0.0034349506	0.017977528	0.0034349506	4.0553945
(MedMentions_train, MedMentions_test)	disease	(256, None)	5	5	1	0.0021468441	0.011235955	0.0021468441	4.0553945
(MedMentions_train, MedMentions_test)	function_process	Overall	4515	1019	0.22569214	1	1	0.22569214	4.0553945
(MedMentions_train, MedMentions_test)	function_process	(1, 2)	1692	0	0	0.37475083	0	0	4.0553945
(MedMentions_train, MedMentions_test)	function_process	(2, 4)	1058	162	0.15311909	0.23433001	0.15897939	0.035880399	4.0553945
(MedMentions_train, MedMentions_test)	function_process	(4, 8)	865	255	0.29479769	0.19158361	0.25024534	0.056478405	4.0553945
(MedMentions_train, MedMentions_test)	function_process	(8, 16)	505	251	0.4970297	0.11184939	0.24631992	0.05559247	4.0553945
(MedMentions_train, MedMentions_test)	function_process	(16, 32)	216	178	0.82407407	0.047840532	0.17468106	0.039424142	4.0553945
(MedMentions_train, MedMentions_test)	function_process	(32, 64)	102	96	0.94117647	0.022591362	0.09421001	0.021262458	4.0553945
(MedMentions_train, MedMentions_test)	function_process	(64, 128)	56	56	1	0.012403101	0.054955839	0.012403101	4.0553945
(MedMentions_train, MedMentions_test)	function_process	(128, 256)	17	17	1	0.003765227	0.016683023	0.003765227	4.0553945
(MedMentions_train, MedMentions_test)	function_process	(256, None)	4	4	1	0.00088593577	0.0039254171	0.00088593577	4.0553945
(MedMentions_train, MedMentions_test)	species	Overall	1440	231	0.16041667	1	1	0.16041667	4.0553945
(MedMentions_train, MedMentions_test)	species	(1, 2)	528	0	0	0.36666667	0	0	4.0553945
(MedMentions_train, MedMentions_test)	species	(2, 4)	394	44	0.11167513	0.27361111	0.19047619	0.030555556	4.0553945
(MedMentions_train, MedMentions_test)	species	(4, 8)	288	54	0.1875	0.2	0.23376623	0.0375	4.0553945
(MedMentions_train, MedMentions_test)	species	(8, 16)	138	57	0.41304348	0.095833333	0.24675325	0.039583333	4.0553945
(MedMentions_train, MedMentions_test)	species	(16, 32)	52	36	0.69230769	0.036111111	0.15584416	0.025	4.0553945
(MedMentions_train, MedMentions_test)	species	(32, 64)	23	23	1	0.015972222	0.0995671	0.015972222	4.0553945
(MedMentions_train, MedMentions_test)	species	(64, 128)	12	12	1	0.0083333333	0.051948052	0.0083333333	4.0553945
(MedMentions_train, MedMentions_test)	species	(128, 256)	3	3	1	0.0020833333	0.012987013	0.0020833333	4.0553945
(MedMentions_train, MedMentions_test)	species	(256, None)	2	2	1	0.0013888889	0.0086580087	0.0013888889	4.0553945
(NCBI_Disease_train, NCBI_Disease_test)	disease	Overall	708	139	0.19632768	1	1	0.19632768	3.272444
(NCBI_Disease_train, NCBI_Disease_test)	disease	(1, 2)	254	0	0	0.35875706	0	0	3.272444
(NCBI_Disease_train, NCBI_Disease_test)	disease	(2, 4)	173	26	0.15028902	0.24435028	0.18705036	0.036723164	3.272444
(NCBI_Disease_train, NCBI_Disease_test)	disease	(4, 8)	132	29	0.21969697	0.18644068	0.20863309	0.040960452	3.272444
(NCBI_Disease_train, NCBI_Disease_test)	disease	(8, 16)	74	34	0.45945946	0.10451977	0.24460432	0.048022599	3.272444
(NCBI_Disease_train, NCBI_Disease_test)	disease	(16, 32)	37	21	0.56756757	0.052259887	0.15107914	0.029661017	3.272444
(NCBI_Disease_train, NCBI_Disease_test)	disease	(32, 64)	18	11	0.61111111	0.025423729	0.079136691	0.015536723	3.272444
(NCBI_Disease_train, NCBI_Disease_test)	disease	(64, 128)	15	13	0.86666667	0.021186441	0.09352518	0.018361582	3.272444
(NCBI_Disease_train, NCBI_Disease_test)	disease	(128, 256)	5	5	1	0.0070621469	0.035971223	0.0070621469	3.272444
(NCBI_Disease_train, NCBI_Disease_test)	disease	(256, None)	0	0	0	0	0	0	3.272444
(NLM_Chem_train, NLM_Chem_test)	chemical	Overall	1686	401	0.23784104	1	1	0.23784104	3.3269423
(NLM_Chem_train, NLM_Chem_test)	chemical	(1, 2)	432	0	0	0.25622776	0	0	3.3269423
(NLM_Chem_train, NLM_Chem_test)	chemical	(2, 4)	347	49	0.14121037	0.20581257	0.12219451	0.029062871	3.3269423
(NLM_Chem_train, NLM_Chem_test)	chemical	(4, 8)	262	67	0.25572519	0.15539739	0.16708229	0.039739027	3.3269423
(NLM_Chem_train, NLM_Chem_test)	chemical	(8, 16)	202	77	0.38118812	0.1198102	0.19201995	0.045670225	3.3269423
(NLM_Chem_train, NLM_Chem_test)	chemical	(16, 32)	158	59	0.37341772	0.09371293	0.14713217	0.034994069	3.3269423
(NLM_Chem_train, NLM_Chem_test)	chemical	(32, 64)	122	61	0.5	0.072360617	0.1521197	0.036180308	3.3269423
(NLM_Chem_train, NLM_Chem_test)	chemical	(64, 128)	104	49	0.47115385	0.06168446	0.12219451	0.029062871	3.3269423
(NLM_Chem_train, NLM_Chem_test)	chemical	(128, 256)	44	26	0.59090909	0.026097272	0.064837905	0.015421115	3.3269423
(NLM_Chem_train, NLM_Chem_test)	chemical	(256, None)	15	13	0.86666667	0.0088967972	0.032418953	0.0077105575	3.3269423
(NLM_Gene_train, NLM_Gene_test)	gene_protein_sequence	Overall	3632	400	0.11013216	1	1	0.11013216	3.2725862
(NLM_Gene_train, NLM_Gene_test)	gene_protein_sequence	(1, 2)	1720	0	0	0.47356828	0	0	3.2725862
(NLM_Gene_train, NLM_Gene_test)	gene_protein_sequence	(2, 4)	930	96	0.10322581	0.25605727	0.24	0.026431718	3.2725862
(NLM_Gene_train, NLM_Gene_test)	gene_protein_sequence	(4, 8)	501	129	0.25748503	0.13794053	0.3225	0.035517621	3.2725862
(NLM_Gene_train, NLM_Gene_test)	gene_protein_sequence	(8, 16)	348	92	0.26436782	0.095814978	0.23	0.025330396	3.2725862
(NLM_Gene_train, NLM_Gene_test)	gene_protein_sequence	(16, 32)	108	62	0.57407407	0.029735683	0.155	0.017070485	3.2725862
(NLM_Gene_train, NLM_Gene_test)	gene_protein_sequence	(32, 64)	23	19	0.82608696	0.0063325991	0.0475	0.0052312775	3.2725862
(NLM_Gene_train, NLM_Gene_test)	gene_protein_sequence	(64, 128)	2	2	1	0.00055066079	0.005	0.00055066079	3.2725862
(NLM_Gene_train, NLM_Gene_test)	gene_protein_sequence	(128, 256)	0	0	0	0	0	0	3.2725862
(NLM_Gene_train, NLM_Gene_test)	gene_protein_sequence	(256, None)	0	0	0	0	0	0	3.2725862
(S1000_train, S1000_test)	species	Overall	1360	95	0.069852941	1	1	0.069852941	3.458114
(S1000_train, S1000_test)	species	(1, 2)	489	0	0	0.35955882	0	0	3.458114
(S1000_train, S1000_test)	species	(2, 4)	451	14	0.031042129	0.33161765	0.14736842	0.010294118	3.458114
(S1000_train, S1000_test)	species	(4, 8)	270	25	0.092592593	0.19852941	0.26315789	0.018382353	3.458114
(S1000_train, S1000_test)	species	(8, 16)	108	23	0.21296296	0.079411765	0.24210526	0.016911765	3.458114
(S1000_train, S1000_test)	species	(16, 32)	28	19	0.67857143	0.020588235	0.2	0.013970588	3.458114
(S1000_train, S1000_test)	species	(32, 64)	11	11	1	0.0080882353	0.11578947	0.0080882353	3.458114
(S1000_train, S1000_test)	species	(64, 128)	2	2	1	0.0014705882	0.021052632	0.0014705882	3.458114
(S1000_train, S1000_test)	species	(128, 256)	1	1	1	0.00073529412	0.010526316	0.00073529412	3.458114
(S1000_train, S1000_test)	species	(256, None)	0	0	0	0	0	0	3.458114
(tmVar_train, tmVar_test)	sequence_variant	Overall	871	17	0.019517796	1	1	0.019517796	3.1999731
(tmVar_train, tmVar_test)	sequence_variant	(1, 2)	619	0	0	0.71067738	0	0	3.1999731
(tmVar_train, tmVar_test)	sequence_variant	(2, 4)	186	4	0.021505376	0.21354765	0.23529412	0.0045924225	3.1999731
(tmVar_train, tmVar_test)	sequence_variant	(4, 8)	56	10	0.17857143	0.064293915	0.58823529	0.011481056	3.1999731
(tmVar_train, tmVar_test)	sequence_variant	(8, 16)	9	2	0.22222222	0.010332951	0.11764706	0.0022962113	3.1999731
(tmVar_train, tmVar_test)	sequence_variant	(16, 32)	1	1	1	0.0011481056	0.058823529	0.0011481056	3.1999731
(tmVar_train, tmVar_test)	sequence_variant	(32, 64)	0	0	0	0	0	0	3.1999731
(tmVar_train, tmVar_test)	sequence_variant	(64, 128)	0	0	0	0	0	0	3.1999731
(tmVar_train, tmVar_test)	sequence_variant	(128, 256)	0	0	0	0	0	0	3.1999731
(tmVar_train, tmVar_test)	sequence_variant	(256, None)	0	0	0	0	0	0	3.1999731
